{"cameraMode":{"drawMode":0,"name":"Shaded","section":"Shading Mode"},"sceneLighting":false,"audioPlay":false,"sceneViewState":{"m_AlwaysRefresh":true,"showFog":true,"showSkybox":false,"showFlares":true,"showImageEffects":true,"showParticleSystems":true,"showVisualEffectGraphs":true,"m_FxEnabled":true},"in2DMode":false,"pivot":{"x":-0.12069457024335861,"y":0.1382191926240921,"z":-7.209272384643555},"rotation":{"x":-0.01027173176407814,"y":0.9772216081619263,"z":-0.04871871694922447,"w":-0.20644785463809968},"size":0.03742261603474617,"orthographic":false}